{"cameraMode":{"drawMode":31,"name":"Sprite Mask","section":"Miscellaneous"},"sceneLighting":false,"audioPlay":false,"sceneViewState":{"showFog":true,"showMaterialUpdate":false,"showSkybox":true,"showFlares":true,"showImageEffects":true,"showParticleSystems":true},"in2DMode":false,"pivot":{"x":15.8896484375,"y":19.2509765625,"z":-45.037109375},"rotation":{"x":0.23664452135562898,"y":-0.4068143963813782,"z":0.10996566712856293,"w":0.8754595518112183},"size":13.957562446594239,"orthographic":true}