{"cameraMode":{"drawMode":0,"name":"Shaded","section":"Shading Mode"},"sceneLighting":false,"audioPlay":false,"sceneViewState":{"showFog":true,"showMaterialUpdate":false,"showSkybox":false,"showFlares":true,"showImageEffects":true,"showParticleSystems":true},"in2DMode":false,"pivot":{"x":-1.1302490234375,"y":0.9866943359375,"z":-4.115234375},"rotation":{"x":0.13331721723079682,"y":0.24409633874893189,"z":-0.033925287425518039,"w":0.9599748849868774},"size":9.681084632873536,"orthographic":true}